<?xml version="1.0" encoding="UTF-8" ?>
<!DOCTYPE mapper
        PUBLIC "-//mybatis.org//DTD Mapper 3.0//EN"
        "http://mybatis.org/dtd/mybatis-3-mapper.dtd">

<mapper namespace="org.example.mapper.BoardMapper">
    <select id="getList" resultType="BoardDto">
        <![CDATA[
        select *
        from tbl_board
        order by no desc
        ]]>
    </select>

    <select id="get" resultType="BoardDto">
        select *
        from tbl_board
        where no = #{no}
    </select>

    <insert id="create" useGeneratedKeys="true" keyProperty="no">
        insert into tbl_board (title, content, writer)
        values (#{title}, #{content}, #{writer})
    </insert>

    <update id="update">
        update tbl_board
        set title      = #{title},
            content    = #{content},
            writer     = #{writer},
            update_date= now()
        where no = #{no}
    </update>

    <delete id="delete">
        delete
        from tbl_board
        where no = #{no}
    </delete>
</mapper>