<?xml version="1.0" encoding="UTF-8" ?>
<!DOCTYPE mapper
        PUBLIC "-//mybatis.org//DTD Mapper 3.0//EN"
        "http://mybatis.org/dtd/mybatis-3-mapper.dtd">

<mapper namespace="org.example.mapper.PostMapper">
    <select id="findAll" resultType="PostDto">
        SELECT id, title, content
        FROM posts;
    </select>

    <select id="findByCondition" resultType="PostDto">
        SELECT id, title, content
        FROM posts
        <where>
            <if test="title != null and title != ''">
                AND title LIKE CONCAT('%', #{title}, '%')
            </if>
            <if test="content != null and content != ''">
                AND content LIKE CONCAT('%', #{content}, '%')
            </if>
        </where>
    </select>
</mapper>